id;tracking_code;date;details
1;system Small;2019-10-09T08:25:37;red
2;withdrawal knowledge base Buckinghamshire;2019-10-08T21:11:23;Phased
3;Saint Lucia white;2019-10-08T20:20:34;Money Market Account
4;Salad Web virtual;2019-10-09T03:46:10;RSS
5;mint green e-business EXE;2019-10-09T11:11:13;Fresh granular Direct
6;Profit-focused;2019-10-09T08:43:14;copying
7;ability Hat Iraq;2019-10-09T07:20:07;Bahamian Dollar
8;24/7;2019-10-08T20:20:29;conglomeration
9;Oklahoma facilitate;2019-10-09T17:24:49;Versatile Exclusive Moroccan Dirham
10;capability zero tolerance Computers;2019-10-09T04:20:30;Berkshire Small Plastic Pants Investor
